{"source": 4286356133, "schemes": {"light": {"props": {"primary": 4278216574, "onPrimary": 4294967295, "primaryContainer": 4289850367, "onPrimaryContainer": 4278198056, "secondary": 4283130474, "onSecondary": 4294967295, "secondaryContainer": 4291815408, "onSecondaryContainer": 4278591013, "tertiary": 4284046462, "onTertiary": 4294967295, "tertiaryContainer": 4292796671, "onTertiaryContainer": 4279638327, "error": 4290386715, "onError": 4294967295, "errorContainer": 4294957780, "onErrorContainer": 4282449921, "background": 4294638845, "onBackground": 4279835677, "surface": 4294638845, "onSurface": 4279835677, "surfaceVariant": 4292601064, "onSurfaceVariant": 4282402891, "outline": 4285560956, "shadow": 4278190080, "inverseSurface": 4281217330, "inverseOnSurface": 4293915122, "inversePrimary": 4284077560}}, "dark": {"props": {"primary": 4284077560, "onPrimary": 4278203714, "primaryContainer": 4278210144, "onPrimaryContainer": 4289850367, "secondary": 4289907411, "onSecondary": 4280103995, "secondaryContainer": 4281616978, "onSecondaryContainer": 4291815408, "tertiary": 4290888683, "onTertiary": 4281019981, "tertiaryContainer": 4282467428, "onTertiaryContainer": 4292796671, "error": 4294948009, "onError": 4285005827, "errorContainer": 4287823878, "onErrorContainer": 4294948009, "background": 4279835677, "onBackground": 4292994020, "surface": 4279835677, "onSurface": 4292994020, "surfaceVariant": 4282402891, "onSurfaceVariant": 4290758860, "outline": 4287206038, "shadow": 4278190080, "inverseSurface": 4292994020, "inverseOnSurface": 4281217330, "inversePrimary": 4278216574}}}, "palettes": {"primary": {"hue": 221.0442954180825, "chroma": 48, "cache": {}}, "secondary": {"hue": 221.0442954180825, "chroma": 16, "cache": {}}, "tertiary": {"hue": 281.04429541808247, "chroma": 24, "cache": {}}, "neutral": {"hue": 221.0442954180825, "chroma": 4, "cache": {}}, "neutralVariant": {"hue": 221.0442954180825, "chroma": 8, "cache": {}}, "error": {"hue": 25, "chroma": 84, "cache": {}}}, "customColors": []}