{"source": 4286948940, "schemes": {"light": {"props": {"primary": 4283000844, "onPrimary": 4294967295, "primaryContainer": 4291489928, "onPrimaryContainer": 4279377664, "secondary": 4284047944, "onSecondary": 4294967295, "secondaryContainer": 4292732614, "onSecondaryContainer": 4279705098, "tertiary": 4281951841, "onTertiary": 4294967295, "tertiaryContainer": 4290505957, "onTertiaryContainer": 4278198301, "error": 4290386715, "onError": 4294967295, "errorContainer": 4294957780, "onErrorContainer": 4282449921, "background": 4294900981, "onBackground": 4279966744, "surface": 4294900981, "onSurface": 4279966744, "surfaceVariant": 4293059797, "onSurfaceVariant": 4282730557, "outline": 4285888619, "shadow": 4278190080, "inverseSurface": 4281348396, "inverseOnSurface": 4294111721, "inversePrimary": 4289647470}}, "dark": {"props": {"primary": 4289647470, "onPrimary": 4280366592, "primaryContainer": 4281552640, "onPrimaryContainer": 4291489928, "secondary": 4290890411, "onSecondary": 4281021213, "secondaryContainer": 4282534450, "onSecondaryContainer": 4292732614, "tertiary": 4288729289, "onTertiary": 4278269747, "tertiaryContainer": 4280241737, "onTertiaryContainer": 4290505957, "error": 4294948009, "onError": 4285005827, "errorContainer": 4287823878, "onErrorContainer": 4294948009, "background": 4279966744, "onBackground": 4293190619, "surface": 4279966744, "onSurface": 4293190619, "surfaceVariant": 4282730557, "onSurfaceVariant": 4291152057, "outline": 4287599236, "shadow": 4278190080, "inverseSurface": 4293190619, "inverseOnSurface": 4281348396, "inversePrimary": 4283000844}}}, "palettes": {"primary": {"hue": 128.60439388871578, "chroma": 48, "cache": {}}, "secondary": {"hue": 128.60439388871578, "chroma": 16, "cache": {}}, "tertiary": {"hue": 188.60439388871578, "chroma": 24, "cache": {}}, "neutral": {"hue": 128.60439388871578, "chroma": 4, "cache": {}}, "neutralVariant": {"hue": 128.60439388871578, "chroma": 8, "cache": {}}, "error": {"hue": 25, "chroma": 84, "cache": {}}}, "customColors": []}